Treatment,Replica,FOV,Time,CellCount,CellArea,NucleusArea,mRNA_nucleus,mRNA_cytosol
Drug8_1000nM,rep1,FOV1,0,1,7239,2922,1.0,2.0
Drug8_1000nM,rep1,FOV1,0,2,7446,2671,0.0,3.0
Drug8_1000nM,rep1,FOV1,0,3,7417,2900,0.0,19.0
Drug8_1000nM,rep1,FOV1,0,4,8380,2825,0.0,9.0
Drug8_1000nM,rep1,FOV1,0,5,7533,3456,1.0,0.0
Drug8_1000nM,rep1,FOV1,0,6,7018,3780,2.0,0.0
Drug8_1000nM,rep1,FOV1,0,7,7993,2785,0.0,10.0
Drug8_1000nM,rep1,FOV1,0,8,5004,2779,0.0,0.0
Drug8_1000nM,rep1,FOV1,0,9,4689,2524,0.0,0.0
Drug8_1000nM,rep1,FOV1,0,10,4779,2420,0.0,0.0
Drug8_1000nM,rep1,FOV1,0,11,7398,2994,0.0,11.0
Drug8_1000nM,rep1,FOV1,0,12,6974,4117,2.0,0.0
Drug8_1000nM,rep1,FOV1,0,13,8553,7829,2.0,0.0
Drug8_1000nM,rep1,FOV1,0,14,6703,2469,0.0,0.0
Drug8_1000nM,rep1,FOV1,1,1,7299,2848,0.0,4.0
Drug8_1000nM,rep1,FOV1,1,2,7382,2711,0.0,1.0
Drug8_1000nM,rep1,FOV1,1,3,7436,2987,0.0,13.0
Drug8_1000nM,rep1,FOV1,1,4,8351,2759,0.0,2.0
Drug8_1000nM,rep1,FOV1,1,5,7483,3106,0.0,11.0
Drug8_1000nM,rep1,FOV1,1,6,6993,2927,1.0,0.0
Drug8_1000nM,rep1,FOV1,1,7,8024,2868,0.0,12.0
Drug8_1000nM,rep1,FOV1,1,8,4502,2843,0.0,0.0
Drug8_1000nM,rep1,FOV1,1,9,4369,2608,0.0,0.0
Drug8_1000nM,rep1,FOV1,1,10,5547,2349,0.0,0.0
Drug8_1000nM,rep1,FOV1,1,11,7346,2903,0.0,14.0
Drug8_1000nM,rep1,FOV1,1,12,7014,3846,2.0,0.0
Drug8_1000nM,rep1,FOV1,1,13,8553,7339,2.0,0.0
Drug8_1000nM,rep1,FOV1,1,14,6965,2464,0.0,2.0
Drug8_1000nM,rep1,FOV1,2,1,7299,2879,1.0,2.0
Drug8_1000nM,rep1,FOV1,2,2,7466,2680,0.0,1.0
Drug8_1000nM,rep1,FOV1,2,3,7444,2927,0.0,11.0
Drug8_1000nM,rep1,FOV1,2,4,8280,2785,0.0,2.0
Drug8_1000nM,rep1,FOV1,2,5,7482,2956,0.0,16.0
Drug8_1000nM,rep1,FOV1,2,6,6982,2751,0.0,5.0
Drug8_1000nM,rep1,FOV1,2,7,7982,2861,0.0,15.0
Drug8_1000nM,rep1,FOV1,2,8,4034,2853,0.0,0.0
Drug8_1000nM,rep1,FOV1,2,9,5224,2521,0.0,0.0
Drug8_1000nM,rep1,FOV1,2,10,3303,2408,0.0,0.0
Drug8_1000nM,rep1,FOV1,2,11,7363,2936,0.0,13.0
Drug8_1000nM,rep1,FOV1,2,12,7007,4565,2.0,0.0
Drug8_1000nM,rep1,FOV1,2,13,8538,7010,2.0,0.0
Drug8_1000nM,rep1,FOV1,2,14,7117,2608,0.0,19.0
Drug8_1000nM,rep1,FOV1,3,1,7301,2945,1.0,1.0
Drug8_1000nM,rep1,FOV1,3,2,7521,2684,0.0,5.0
Drug8_1000nM,rep1,FOV1,3,3,7380,2870,0.0,17.0
Drug8_1000nM,rep1,FOV1,3,4,8365,2787,0.0,2.0
Drug8_1000nM,rep1,FOV1,3,5,7396,2951,0.0,9.0
Drug8_1000nM,rep1,FOV1,3,6,6973,2672,0.0,15.0
Drug8_1000nM,rep1,FOV1,3,7,8019,2803,0.0,14.0
Drug8_1000nM,rep1,FOV1,3,8,3412,2901,0.0,0.0
Drug8_1000nM,rep1,FOV1,3,9,4081,2534,0.0,0.0
Drug8_1000nM,rep1,FOV1,3,10,4665,2559,0.0,0.0
Drug8_1000nM,rep1,FOV1,3,11,7334,2877,0.0,23.0
Drug8_1000nM,rep1,FOV1,3,12,6990,3667,2.0,0.0
Drug8_1000nM,rep1,FOV1,3,13,8536,4132,2.0,0.0
Drug8_1000nM,rep1,FOV1,3,14,7165,2835,0.0,6.0
Drug8_1000nM,rep1,FOV1,4,1,7308,3278,2.0,0.0
Drug8_1000nM,rep1,FOV1,4,2,7503,2752,0.0,11.0
Drug8_1000nM,rep1,FOV1,4,3,7442,2860,0.0,14.0
Drug8_1000nM,rep1,FOV1,4,4,8357,2789,0.0,2.0
Drug8_1000nM,rep1,FOV1,4,5,7453,2991,0.0,5.0
Drug8_1000nM,rep1,FOV1,4,6,6981,2705,0.0,12.0
Drug8_1000nM,rep1,FOV1,4,7,8030,3003,0.0,10.0
Drug8_1000nM,rep1,FOV1,4,8,3253,2755,0.0,0.0
Drug8_1000nM,rep1,FOV1,4,9,4497,2660,0.0,0.0
Drug8_1000nM,rep1,FOV1,4,10,4393,2476,0.0,0.0
Drug8_1000nM,rep1,FOV1,4,11,7402,2937,0.0,9.0
Drug8_1000nM,rep1,FOV1,4,12,6982,3460,1.0,2.0
Drug8_1000nM,rep1,FOV1,4,13,8457,2866,1.0,2.0
Drug8_1000nM,rep1,FOV1,4,14,7188,3769,2.0,0.0
Drug8_1000nM,rep1,FOV1,5,1,7296,3399,2.0,0.0
Drug8_1000nM,rep1,FOV1,5,2,7500,2712,0.0,15.0
Drug8_1000nM,rep1,FOV1,5,3,7408,2903,0.0,5.0
Drug8_1000nM,rep1,FOV1,5,4,7446,2961,0.0,8.0
Drug8_1000nM,rep1,FOV1,5,5,7997,3084,1.0,0.0
Drug8_1000nM,rep1,FOV1,5,6,3423,2690,0.0,0.0
Drug8_1000nM,rep1,FOV1,5,7,7391,4207,1.0,0.0
Drug8_1000nM,rep1,FOV1,5,8,6991,3166,1.0,3.0
Drug8_1000nM,rep1,FOV1,5,9,8480,2773,0.0,9.0
Drug8_1000nM,rep1,FOV1,5,10,7119,3036,1.0,4.0
Drug8_1000nM,rep1,FOV1,6,1,7246,2925,1.0,1.0
Drug8_1000nM,rep1,FOV1,6,2,7461,2776,0.0,7.0
Drug8_1000nM,rep1,FOV1,6,3,7374,2900,0.0,15.0
Drug8_1000nM,rep1,FOV1,6,4,7409,2830,0.0,9.0
Drug8_1000nM,rep1,FOV1,6,5,8019,3317,2.0,0.0
Drug8_1000nM,rep1,FOV1,6,6,7385,5336,2.0,0.0
Drug8_1000nM,rep1,FOV1,6,7,6948,3168,0.0,8.0
Drug8_1000nM,rep1,FOV1,6,8,8425,2703,0.0,17.0
Drug8_1000nM,rep1,FOV1,6,9,7093,2724,0.0,13.0
Drug8_1000nM,rep1,FOV1,7,1,7270,2859,0.0,8.0
Drug8_1000nM,rep1,FOV1,7,2,7499,3785,2.0,0.0
Drug8_1000nM,rep1,FOV1,7,3,7427,2921,0.0,17.0
Drug8_1000nM,rep1,FOV1,7,4,7381,2831,0.0,6.0
Drug8_1000nM,rep1,FOV1,7,5,8065,3878,2.0,0.0
Drug8_1000nM,rep1,FOV1,7,6,7463,6027,2.0,0.0
Drug8_1000nM,rep1,FOV1,7,7,6960,3699,2.0,0.0
Drug8_1000nM,rep1,FOV1,7,8,7059,2644,0.0,17.0
Drug8_1000nM,rep1,FOV1,8,1,7311,2766,0.0,12.0
Drug8_1000nM,rep1,FOV1,8,2,7562,3593,2.0,0.0
Drug8_1000nM,rep1,FOV1,8,3,7450,2875,0.0,12.0
Drug8_1000nM,rep1,FOV1,8,4,7347,2841,0.0,5.0
Drug8_1000nM,rep1,FOV1,8,5,8082,3331,2.0,0.0
Drug8_1000nM,rep1,FOV1,8,6,7496,6401,2.0,0.0
Drug8_1000nM,rep1,FOV1,9,1,7319,2788,0.0,13.0
Drug8_1000nM,rep1,FOV1,9,2,7592,5502,2.0,0.0
Drug8_1000nM,rep1,FOV1,9,3,7414,2877,0.0,12.0
Drug8_1000nM,rep1,FOV1,9,4,7262,2801,0.0,2.0
Drug8_1000nM,rep1,FOV1,9,5,8050,2961,0.0,7.0
Drug8_1000nM,rep1,FOV1,9,6,7468,6049,2.0,0.0
Drug8_1000nM,rep1,FOV1,10,1,7248,2757,0.0,16.0
Drug8_1000nM,rep1,FOV1,10,2,7596,5396,1.0,0.0
Drug8_1000nM,rep1,FOV1,10,3,7442,2981,0.0,16.0
Drug8_1000nM,rep1,FOV1,10,4,7435,2865,0.0,3.0
Drug8_1000nM,rep1,FOV1,10,5,7999,2855,0.0,14.0
Drug8_1000nM,rep1,FOV1,10,6,7419,5400,2.0,0.0
Drug8_1000nM,rep1,FOV1,11,1,7213,2740,0.0,12.0
Drug8_1000nM,rep1,FOV1,11,2,7584,3796,0.0,3.0
Drug8_1000nM,rep1,FOV1,11,3,7528,2867,0.0,10.0
Drug8_1000nM,rep1,FOV1,11,4,7504,3094,0.0,17.0
Drug8_1000nM,rep1,FOV1,11,5,7951,2807,0.0,5.0
Drug8_1000nM,rep1,FOV1,11,6,7475,4912,2.0,0.0
Drug8_1000nM,rep1,FOV1,12,1,7128,2704,0.0,4.0
Drug8_1000nM,rep1,FOV1,12,2,7566,3092,1.0,4.0
Drug8_1000nM,rep1,FOV1,12,3,7453,2930,0.0,10.0
Drug8_1000nM,rep1,FOV1,12,4,7522,3114,0.0,9.0
Drug8_1000nM,rep1,FOV1,12,5,7956,2824,0.0,7.0
Drug8_1000nM,rep1,FOV1,12,6,7427,4361,2.0,0.0
Drug8_1000nM,rep1,FOV1,13,1,7143,2754,0.0,0.0
Drug8_1000nM,rep1,FOV1,13,2,7537,4150,2.0,5.0
Drug8_1000nM,rep1,FOV1,13,3,7424,2887,0.0,19.0
Drug8_1000nM,rep1,FOV1,13,4,7960,2763,0.0,2.0
Drug8_1000nM,rep1,FOV1,13,5,7474,3826,2.0,0.0
Drug8_1000nM,rep1,FOV1,14,1,7104,2669,0.0,1.0
Drug8_1000nM,rep1,FOV1,14,2,7578,3271,0.0,10.0
Drug8_1000nM,rep1,FOV1,14,3,8025,2725,0.0,4.0
Drug8_1000nM,rep1,FOV1,14,4,7461,3465,1.0,5.0
Drug8_1000nM,rep1,FOV1,15,1,7160,2729,0.0,0.0
Drug8_1000nM,rep1,FOV1,15,2,7517,4499,3.0,2.0
Drug8_1000nM,rep1,FOV1,15,3,7971,2739,0.0,1.0
Drug8_1000nM,rep1,FOV1,15,4,7403,3075,0.0,19.0
Drug8_1000nM,rep1,FOV1,16,1,7259,2690,0.0,2.0
Drug8_1000nM,rep1,FOV1,16,2,7666,6295,2.0,0.0
Drug8_1000nM,rep1,FOV1,16,3,8047,2823,0.0,7.0
Drug8_1000nM,rep1,FOV1,16,4,7469,3052,0.0,15.0
Drug8_1000nM,rep1,FOV1,17,1,7296,2704,0.0,12.0
Drug8_1000nM,rep1,FOV1,17,2,7689,6530,2.0,0.0
Drug8_1000nM,rep1,FOV1,17,3,8106,2871,0.0,13.0
Drug8_1000nM,rep1,FOV1,17,4,7395,2862,0.0,12.0
Drug8_1000nM,rep1,FOV1,18,1,7282,2871,0.0,8.0
Drug8_1000nM,rep1,FOV1,18,2,7652,5213,2.0,0.0
Drug8_1000nM,rep1,FOV1,18,3,8070,2930,0.0,8.0
Drug8_1000nM,rep1,FOV1,18,4,7415,2935,0.0,12.0
Drug8_1000nM,rep1,FOV1,19,1,7318,2902,0.0,6.0
Drug8_1000nM,rep1,FOV1,19,2,7617,5718,1.0,0.0
Drug8_1000nM,rep1,FOV1,19,3,8072,2828,0.0,12.0
Drug8_1000nM,rep1,FOV1,19,4,7474,2985,0.0,15.0
Drug8_1000nM,rep1,FOV1,20,1,7399,3672,1.0,5.0
Drug8_1000nM,rep1,FOV1,20,2,8182,2837,0.0,11.0
Drug8_1000nM,rep1,FOV2,0,1,7687,2811,1.0,2.0
Drug8_1000nM,rep1,FOV2,0,2,7860,2485,0.0,14.0
Drug8_1000nM,rep1,FOV2,0,3,7398,2650,0.0,0.0
Drug8_1000nM,rep1,FOV2,0,4,7417,2756,0.0,0.0
Drug8_1000nM,rep1,FOV2,0,5,8230,3422,2.0,0.0
Drug8_1000nM,rep1,FOV2,0,6,8304,2938,0.0,13.0
Drug8_1000nM,rep1,FOV2,0,7,7954,6619,2.0,0.0
Drug8_1000nM,rep1,FOV2,0,8,8426,2768,0.0,13.0
Drug8_1000nM,rep1,FOV2,0,9,7647,3137,0.0,5.0
Drug8_1000nM,rep1,FOV2,0,10,7168,2817,0.0,7.0
Drug8_1000nM,rep1,FOV2,1,1,7670,2919,1.0,0.0
Drug8_1000nM,rep1,FOV2,1,2,7893,5463,2.0,0.0
Drug8_1000nM,rep1,FOV2,1,3,7269,2686,0.0,0.0
Drug8_1000nM,rep1,FOV2,1,4,7590,2815,0.0,0.0
Drug8_1000nM,rep1,FOV2,1,5,8217,3184,2.0,0.0
Drug8_1000nM,rep1,FOV2,1,6,8275,2941,0.0,12.0
Drug8_1000nM,rep1,FOV2,1,7,7897,4069,2.0,0.0
Drug8_1000nM,rep1,FOV2,1,8,8359,2813,0.0,9.0
Drug8_1000nM,rep1,FOV2,1,9,7616,4165,1.0,0.0
Drug8_1000nM,rep1,FOV2,1,10,7116,2838,0.0,12.0
Drug8_1000nM,rep1,FOV2,2,1,7670,2911,1.0,1.0
Drug8_1000nM,rep1,FOV2,2,2,7911,6339,2.0,0.0
Drug8_1000nM,rep1,FOV2,2,3,7243,2622,0.0,0.0
Drug8_1000nM,rep1,FOV2,2,4,7733,2823,0.0,8.0
Drug8_1000nM,rep1,FOV2,2,5,8263,3383,1.0,0.0
Drug8_1000nM,rep1,FOV2,2,6,8298,2920,0.0,11.0
Drug8_1000nM,rep1,FOV2,2,7,7900,3742,1.0,0.0
Drug8_1000nM,rep1,FOV2,2,8,8362,4589,0.0,1.0
Drug8_1000nM,rep1,FOV2,2,9,7634,2817,1.0,0.0
Drug8_1000nM,rep1,FOV2,2,10,7172,2863,1.0,5.0
Drug8_1000nM,rep1,FOV2,3,1,7658,2921,2.0,0.0
Drug8_1000nM,rep1,FOV2,3,2,7905,6992,2.0,0.0
Drug8_1000nM,rep1,FOV2,3,3,6998,2651,0.0,0.0
Drug8_1000nM,rep1,FOV2,3,4,7736,2872,0.0,15.0
Drug8_1000nM,rep1,FOV2,3,5,8179,3410,2.0,0.0
Drug8_1000nM,rep1,FOV2,3,6,8260,2899,0.0,13.0
Drug8_1000nM,rep1,FOV2,3,7,7894,3127,2.0,0.0
Drug8_1000nM,rep1,FOV2,3,8,8380,4641,0.0,1.0
Drug8_1000nM,rep1,FOV2,3,9,7603,2776,2.0,0.0
Drug8_1000nM,rep1,FOV2,3,10,7205,3002,2.0,0.0
Drug8_1000nM,rep1,FOV2,4,1,7669,3119,1.0,0.0
Drug8_1000nM,rep1,FOV2,4,2,7977,7122,2.0,0.0
Drug8_1000nM,rep1,FOV2,4,3,7182,2662,0.0,0.0
Drug8_1000nM,rep1,FOV2,4,4,7777,2863,0.0,12.0
Drug8_1000nM,rep1,FOV2,4,5,8234,3149,2.0,0.0
Drug8_1000nM,rep1,FOV2,4,6,8319,2924,0.0,5.0
Drug8_1000nM,rep1,FOV2,4,7,7935,3036,1.0,3.0
Drug8_1000nM,rep1,FOV2,4,8,8427,2801,0.0,16.0
Drug8_1000nM,rep1,FOV2,4,9,7662,4538,2.0,0.0
Drug8_1000nM,rep1,FOV2,4,10,7180,2998,1.0,0.0
Drug8_1000nM,rep1,FOV2,5,1,7730,5597,2.0,0.0
Drug8_1000nM,rep1,FOV2,5,2,7230,2650,0.0,0.0
Drug8_1000nM,rep1,FOV2,5,3,7718,2834,0.0,15.0
Drug8_1000nM,rep1,FOV2,5,4,8224,3146,2.0,0.0
Drug8_1000nM,rep1,FOV2,5,5,8291,2978,1.0,0.0
Drug8_1000nM,rep1,FOV2,5,6,7892,3403,1.0,1.0
Drug8_1000nM,rep1,FOV2,5,7,8444,2868,0.0,12.0
Drug8_1000nM,rep1,FOV2,5,8,7632,4421,1.0,0.0
Drug8_1000nM,rep1,FOV2,5,9,7178,2853,0.0,5.0
Drug8_1000nM,rep1,FOV2,6,1,7748,5423,2.0,0.0
Drug8_1000nM,rep1,FOV2,6,2,7241,2668,0.0,0.0
Drug8_1000nM,rep1,FOV2,6,3,7790,2899,0.0,13.0
Drug8_1000nM,rep1,FOV2,6,4,8284,3125,2.0,0.0
Drug8_1000nM,rep1,FOV2,6,5,8347,2925,1.0,1.0
Drug8_1000nM,rep1,FOV2,6,6,8458,2898,1.0,0.0
Drug8_1000nM,rep1,FOV2,6,7,7602,3123,0.0,11.0
Drug8_1000nM,rep1,FOV2,7,1,7781,5963,2.0,0.0
Drug8_1000nM,rep1,FOV2,7,2,7426,2744,0.0,0.0
Drug8_1000nM,rep1,FOV2,7,3,8299,3794,1.0,0.0
Drug8_1000nM,rep1,FOV2,7,4,8354,2971,0.0,5.0
Drug8_1000nM,rep1,FOV2,7,5,8560,2855,1.0,0.0
Drug8_1000nM,rep1,FOV2,7,6,7633,2870,0.0,16.0
Drug8_1000nM,rep1,FOV2,8,1,7776,4923,2.0,0.0
Drug8_1000nM,rep1,FOV2,8,2,7322,2696,0.0,0.0
Drug8_1000nM,rep1,FOV2,8,3,8309,3294,1.0,0.0
Drug8_1000nM,rep1,FOV2,8,4,8341,2986,0.0,12.0
Drug8_1000nM,rep1,FOV2,8,5,8572,3096,1.0,0.0
Drug8_1000nM,rep1,FOV2,8,6,7580,2879,0.0,2.0
Drug8_1000nM,rep1,FOV2,9,1,7705,5097,2.0,0.0
Drug8_1000nM,rep1,FOV2,9,2,7458,2723,0.0,0.0
Drug8_1000nM,rep1,FOV2,9,3,8229,2990,0.0,5.0
Drug8_1000nM,rep1,FOV2,9,4,8289,2909,0.0,13.0
Drug8_1000nM,rep1,FOV2,9,5,8563,2892,0.0,10.0
Drug8_1000nM,rep1,FOV2,9,6,7512,2835,0.0,1.0
Drug8_1000nM,rep1,FOV2,10,1,7757,4401,2.0,4.0
Drug8_1000nM,rep1,FOV2,10,2,7528,2706,0.0,2.0
Drug8_1000nM,rep1,FOV2,10,3,8251,3011,0.0,12.0
Drug8_1000nM,rep1,FOV2,10,4,8331,2883,0.0,4.0
Drug8_1000nM,rep1,FOV2,10,5,8495,2888,0.0,16.0
Drug8_1000nM,rep1,FOV2,10,6,7606,2872,0.0,2.0
Drug8_1000nM,rep1,FOV2,11,1,7709,3098,0.0,11.0
Drug8_1000nM,rep1,FOV2,11,2,7560,2723,0.0,3.0
Drug8_1000nM,rep1,FOV2,11,3,8224,2993,0.0,11.0
Drug8_1000nM,rep1,FOV2,11,4,8298,2832,0.0,0.0
Drug8_1000nM,rep1,FOV2,11,5,8501,2874,0.0,13.0
Drug8_1000nM,rep1,FOV2,11,6,7578,2943,0.0,13.0
Drug8_1000nM,rep1,FOV2,12,1,7653,2771,0.0,14.0
Drug8_1000nM,rep1,FOV2,12,2,7556,2813,0.0,21.0
Drug8_1000nM,rep1,FOV2,12,3,8245,2981,0.0,16.0
Drug8_1000nM,rep1,FOV2,12,4,8187,2851,0.0,0.0
Drug8_1000nM,rep1,FOV2,12,5,7637,5624,1.0,0.0
Drug8_1000nM,rep1,FOV2,13,1,7698,2784,1.0,3.0
Drug8_1000nM,rep1,FOV2,13,2,7630,3253,1.0,0.0
Drug8_1000nM,rep1,FOV2,13,3,8285,4532,2.0,0.0
Drug8_1000nM,rep1,FOV2,13,4,8161,2863,0.0,0.0
Drug8_1000nM,rep1,FOV2,13,5,7754,6442,2.0,0.0
Drug8_1000nM,rep1,FOV2,14,1,7737,3027,1.0,0.0
Drug8_1000nM,rep1,FOV2,14,2,7656,3259,2.0,0.0
Drug8_1000nM,rep1,FOV2,14,3,8342,7266,2.0,0.0
Drug8_1000nM,rep1,FOV2,14,4,8198,2881,0.0,0.0
Drug8_1000nM,rep1,FOV2,14,5,7727,6012,2.0,0.0
Drug8_1000nM,rep1,FOV2,15,1,7745,4360,2.0,0.0
Drug8_1000nM,rep1,FOV2,15,2,7628,3721,1.0,0.0
Drug8_1000nM,rep1,FOV2,15,3,8342,7447,2.0,0.0
Drug8_1000nM,rep1,FOV2,15,4,8289,2901,0.0,0.0
Drug8_1000nM,rep1,FOV2,15,5,7709,6141,2.0,0.0
Drug8_1000nM,rep1,FOV2,16,1,7736,3140,1.0,2.0
Drug8_1000nM,rep1,FOV2,16,2,7616,2838,1.0,0.0
Drug8_1000nM,rep1,FOV2,16,3,8336,7417,2.0,0.0
Drug8_1000nM,rep1,FOV2,16,4,8087,2892,0.0,0.0
Drug8_1000nM,rep1,FOV2,16,5,7699,6450,2.0,0.0
Drug8_1000nM,rep1,FOV2,17,1,7676,2812,0.0,5.0
Drug8_1000nM,rep1,FOV2,17,2,8441,7447,2.0,0.0
Drug8_1000nM,rep1,FOV2,17,3,8245,2883,0.0,0.0
Drug8_1000nM,rep1,FOV2,17,4,7755,5714,2.0,0.0
Drug8_1000nM,rep1,FOV2,18,1,7664,2729,0.0,14.0
Drug8_1000nM,rep1,FOV2,18,2,8389,7405,2.0,0.0
Drug8_1000nM,rep1,FOV2,18,3,8210,2893,0.0,0.0
Drug8_1000nM,rep1,FOV2,18,4,7753,5142,1.0,1.0
Drug8_1000nM,rep1,FOV2,19,1,7569,2687,0.0,8.0
Drug8_1000nM,rep1,FOV2,19,2,8336,6674,2.0,0.0
Drug8_1000nM,rep1,FOV2,19,3,8238,2887,0.0,0.0
Drug8_1000nM,rep1,FOV2,19,4,7746,5237,2.0,0.0
Drug8_1000nM,rep1,FOV2,20,1,7591,2695,0.0,8.0
Drug8_1000nM,rep1,FOV2,20,2,8362,6991,2.0,0.0
Drug8_1000nM,rep1,FOV2,20,3,8188,2891,0.0,0.0
Drug8_1000nM,rep1,FOV2,20,4,7733,4598,2.0,2.0
Drug8_1000nM,rep1,FOV3,0,1,8143,3277,2.0,0.0
Drug8_1000nM,rep1,FOV3,0,2,7790,3031,1.0,0.0
Drug8_1000nM,rep1,FOV3,0,3,8380,3020,1.0,0.0
Drug8_1000nM,rep1,FOV3,0,4,7878,2665,0.0,16.0
Drug8_1000nM,rep1,FOV3,0,5,7924,2815,0.0,3.0
Drug8_1000nM,rep1,FOV3,0,6,7863,2715,0.0,18.0
Drug8_1000nM,rep1,FOV3,0,7,7409,5851,2.0,0.0
Drug8_1000nM,rep1,FOV3,0,8,7751,3063,0.0,0.0
Drug8_1000nM,rep1,FOV3,0,9,7920,2987,0.0,6.0
Drug8_1000nM,rep1,FOV3,0,10,7589,2768,0.0,4.0
Drug8_1000nM,rep1,FOV3,1,1,8101,3121,2.0,0.0
Drug8_1000nM,rep1,FOV3,1,2,7756,3975,1.0,2.0
Drug8_1000nM,rep1,FOV3,1,3,8409,3096,2.0,0.0
Drug8_1000nM,rep1,FOV3,1,4,7882,2576,0.0,6.0
Drug8_1000nM,rep1,FOV3,1,5,7860,2832,0.0,5.0
Drug8_1000nM,rep1,FOV3,1,6,7942,3170,1.0,1.0
Drug8_1000nM,rep1,FOV3,1,7,7420,6525,2.0,0.0
Drug8_1000nM,rep1,FOV3,1,8,7729,3109,0.0,0.0
Drug8_1000nM,rep1,FOV3,1,9,7869,2978,0.0,14.0
Drug8_1000nM,rep1,FOV3,1,10,7579,2731,0.0,13.0
Drug8_1000nM,rep1,FOV3,2,1,8134,5573,2.0,0.0
Drug8_1000nM,rep1,FOV3,2,2,7769,3127,0.0,4.0
Drug8_1000nM,rep1,FOV3,2,3,8346,2814,2.0,0.0
Drug8_1000nM,rep1,FOV3,2,4,7756,2534,0.0,1.0
Drug8_1000nM,rep1,FOV3,2,5,7953,2923,0.0,13.0
Drug8_1000nM,rep1,FOV3,2,6,7991,4696,2.0,0.0
Drug8_1000nM,rep1,FOV3,2,7,7388,5864,2.0,0.0
Drug8_1000nM,rep1,FOV3,2,8,7878,3081,0.0,1.0
Drug8_1000nM,rep1,FOV3,2,9,7773,2953,0.0,6.0
Drug8_1000nM,rep1,FOV3,2,10,7527,2496,0.0,17.0
Drug8_1000nM,rep1,FOV3,3,1,8198,6576,2.0,0.0
Drug8_1000nM,rep1,FOV3,3,2,7766,3100,0.0,10.0
Drug8_1000nM,rep1,FOV3,3,3,8374,2888,2.0,0.0
Drug8_1000nM,rep1,FOV3,3,4,7789,2539,0.0,0.0
Drug8_1000nM,rep1,FOV3,3,5,7968,2973,0.0,10.0
Drug8_1000nM,rep1,FOV3,3,6,8008,4338,2.0,0.0
Drug8_1000nM,rep1,FOV3,3,7,7369,4751,2.0,0.0
Drug8_1000nM,rep1,FOV3,3,8,7793,3124,0.0,1.0
Drug8_1000nM,rep1,FOV3,3,9,7790,2903,0.0,8.0
Drug8_1000nM,rep1,FOV3,3,10,7563,2523,0.0,9.0
Drug8_1000nM,rep1,FOV3,4,1,8196,6924,2.0,0.0
Drug8_1000nM,rep1,FOV3,4,2,7804,4683,0.0,12.0
Drug8_1000nM,rep1,FOV3,4,3,8369,3096,2.0,0.0
Drug8_1000nM,rep1,FOV3,4,4,7643,2499,0.0,0.0
Drug8_1000nM,rep1,FOV3,4,5,8027,3061,0.0,5.0
Drug8_1000nM,rep1,FOV3,4,6,8031,4597,2.0,0.0
Drug8_1000nM,rep1,FOV3,4,7,7368,3828,2.0,0.0
Drug8_1000nM,rep1,FOV3,4,8,7817,3065,0.0,2.0
Drug8_1000nM,rep1,FOV3,4,9,7785,2978,0.0,10.0
Drug8_1000nM,rep1,FOV3,4,10,7447,2512,0.0,4.0
Drug8_1000nM,rep1,FOV3,5,1,8206,6983,2.0,0.0
Drug8_1000nM,rep1,FOV3,5,2,7798,5685,0.0,10.0
Drug8_1000nM,rep1,FOV3,5,3,8379,3071,2.0,0.0
Drug8_1000nM,rep1,FOV3,5,4,7581,2552,0.0,0.0
Drug8_1000nM,rep1,FOV3,5,5,7999,3066,1.0,4.0
Drug8_1000nM,rep1,FOV3,5,6,7966,4242,2.0,0.0
Drug8_1000nM,rep1,FOV3,5,7,7883,3085,0.0,6.0
Drug8_1000nM,rep1,FOV3,5,8,7825,2957,0.0,14.0
Drug8_1000nM,rep1,FOV3,6,1,8217,6854,2.0,0.0
Drug8_1000nM,rep1,FOV3,6,2,7785,3037,0.0,14.0
Drug8_1000nM,rep1,FOV3,6,3,8407,3320,2.0,0.0
Drug8_1000nM,rep1,FOV3,6,4,7623,2535,0.0,0.0
Drug8_1000nM,rep1,FOV3,6,5,8066,4329,2.0,0.0
Drug8_1000nM,rep1,FOV3,6,6,7922,3563,2.0,0.0
Drug8_1000nM,rep1,FOV3,6,7,7953,3056,0.0,11.0
Drug8_1000nM,rep1,FOV3,6,8,7836,3003,0.0,14.0
Drug8_1000nM,rep1,FOV3,7,1,8188,6491,2.0,0.0
Drug8_1000nM,rep1,FOV3,7,2,7794,5634,0.0,15.0
Drug8_1000nM,rep1,FOV3,7,3,8365,3079,2.0,0.0
Drug8_1000nM,rep1,FOV3,7,4,8050,3909,2.0,0.0
Drug8_1000nM,rep1,FOV3,7,5,7896,3021,1.0,0.0
Drug8_1000nM,rep1,FOV3,7,6,7978,3044,0.0,15.0
Drug8_1000nM,rep1,FOV3,7,7,7808,2942,0.0,8.0
Drug8_1000nM,rep1,FOV3,8,1,8223,6028,2.0,0.0
Drug8_1000nM,rep1,FOV3,8,2,7794,6949,0.0,4.0
Drug8_1000nM,rep1,FOV3,8,3,8420,3075,2.0,0.0
Drug8_1000nM,rep1,FOV3,8,4,8094,3730,2.0,0.0
Drug8_1000nM,rep1,FOV3,8,5,7923,2837,1.0,3.0
Drug8_1000nM,rep1,FOV3,8,6,7996,3084,0.0,12.0
Drug8_1000nM,rep1,FOV3,9,1,8198,4682,2.0,0.0
Drug8_1000nM,rep1,FOV3,9,2,7849,6788,2.0,0.0
Drug8_1000nM,rep1,FOV3,9,3,8396,3337,1.0,0.0
Drug8_1000nM,rep1,FOV3,9,4,8072,3308,2.0,0.0
Drug8_1000nM,rep1,FOV3,9,5,7947,2749,1.0,2.0
Drug8_1000nM,rep1,FOV3,9,6,7959,3041,0.0,16.0
Drug8_1000nM,rep1,FOV3,10,1,8130,3030,1.0,0.0
Drug8_1000nM,rep1,FOV3,10,2,7808,4211,2.0,0.0
Drug8_1000nM,rep1,FOV3,10,3,8418,6981,2.0,0.0
Drug8_1000nM,rep1,FOV3,10,4,8047,3011,1.0,2.0
Drug8_1000nM,rep1,FOV3,10,5,7952,3036,2.0,0.0
Drug8_1000nM,rep1,FOV3,10,6,7987,3116,0.0,16.0
Drug8_1000nM,rep1,FOV3,11,1,8142,3079,1.0,0.0
Drug8_1000nM,rep1,FOV3,11,2,7856,5551,2.0,0.0
Drug8_1000nM,rep1,FOV3,11,3,8412,4828,2.0,2.0
Drug8_1000nM,rep1,FOV3,11,4,8026,3200,1.0,2.0
Drug8_1000nM,rep1,FOV3,11,5,8002,3856,1.0,0.0
Drug8_1000nM,rep1,FOV3,11,6,7973,3038,0.0,14.0
Drug8_1000nM,rep1,FOV3,12,1,8140,2918,0.0,8.0
Drug8_1000nM,rep1,FOV3,12,2,7931,4729,2.0,0.0
Drug8_1000nM,rep1,FOV3,12,3,8426,2665,0.0,17.0
Drug8_1000nM,rep1,FOV3,12,4,8070,2991,0.0,12.0
Drug8_1000nM,rep1,FOV3,12,5,8026,3165,1.0,1.0
Drug8_1000nM,rep1,FOV3,13,1,8054,2872,0.0,14.0
Drug8_1000nM,rep1,FOV3,13,2,7878,5390,1.0,0.0
Drug8_1000nM,rep1,FOV3,13,3,8338,2583,0.0,13.0
Drug8_1000nM,rep1,FOV3,13,4,8038,3024,0.0,12.0
Drug8_1000nM,rep1,FOV3,13,5,8018,3919,1.0,0.0
Drug8_1000nM,rep1,FOV3,14,1,8078,2856,0.0,12.0
Drug8_1000nM,rep1,FOV3,14,2,7913,5528,2.0,0.0
Drug8_1000nM,rep1,FOV3,14,3,8300,2583,0.0,1.0
Drug8_1000nM,rep1,FOV3,14,4,7998,2800,0.0,5.0
Drug8_1000nM,rep1,FOV3,14,5,8014,4008,1.0,4.0
Drug8_1000nM,rep1,FOV3,15,1,8127,2882,0.0,14.0
Drug8_1000nM,rep1,FOV3,15,2,7941,5382,1.0,0.0
Drug8_1000nM,rep1,FOV3,15,3,8267,2562,0.0,0.0
Drug8_1000nM,rep1,FOV3,15,4,8027,2880,0.0,3.0
Drug8_1000nM,rep1,FOV3,16,1,8159,2964,0.0,14.0
Drug8_1000nM,rep1,FOV3,16,2,7918,3346,0.0,5.0
Drug8_1000nM,rep1,FOV3,16,3,8165,2561,0.0,0.0
Drug8_1000nM,rep1,FOV3,16,4,8111,2879,0.0,1.0
Drug8_1000nM,rep1,FOV3,17,1,8243,2903,0.0,14.0
Drug8_1000nM,rep1,FOV3,17,2,7885,3184,0.0,18.0
Drug8_1000nM,rep1,FOV3,17,3,8319,2543,0.0,0.0
Drug8_1000nM,rep1,FOV3,17,4,7954,2859,0.0,0.0
Drug8_1000nM,rep1,FOV3,18,1,8173,5467,2.0,1.0
Drug8_1000nM,rep1,FOV3,18,2,7840,2942,0.0,7.0
Drug8_1000nM,rep1,FOV3,18,3,7992,2836,0.0,0.0
Drug8_1000nM,rep1,FOV3,19,1,8315,6161,2.0,0.0
Drug8_1000nM,rep1,FOV3,19,2,7871,2968,0.0,0.0
Drug8_1000nM,rep1,FOV3,19,3,8081,2856,0.0,0.0
Drug8_1000nM,rep1,FOV3,20,1,8301,6341,2.0,0.0
Drug8_1000nM,rep1,FOV3,20,2,7841,3017,0.0,16.0
Drug8_1000nM,rep1,FOV3,20,3,8079,3049,0.0,14.0
Drug8_1000nM,rep1,FOV4,0,1,8346,2831,0.0,10.0
Drug8_1000nM,rep1,FOV4,0,2,7338,4727,3.0,3.0
Drug8_1000nM,rep1,FOV4,0,3,7395,2533,0.0,0.0
Drug8_1000nM,rep1,FOV4,0,4,7266,2935,0.0,7.0
Drug8_1000nM,rep1,FOV4,0,5,7552,6062,2.0,0.0
Drug8_1000nM,rep1,FOV4,0,6,8268,3054,0.0,0.0
Drug8_1000nM,rep1,FOV4,0,7,7685,2981,0.0,13.0
Drug8_1000nM,rep1,FOV4,0,8,8406,3219,2.0,0.0
Drug8_1000nM,rep1,FOV4,0,9,7541,2696,0.0,3.0
Drug8_1000nM,rep1,FOV4,1,1,8336,2957,0.0,8.0
Drug8_1000nM,rep1,FOV4,1,2,7257,5522,1.0,1.0
Drug8_1000nM,rep1,FOV4,1,3,7229,2585,0.0,0.0
Drug8_1000nM,rep1,FOV4,1,4,7277,2920,0.0,12.0
Drug8_1000nM,rep1,FOV4,1,5,7533,5432,2.0,0.0
Drug8_1000nM,rep1,FOV4,1,6,8305,3199,0.0,12.0
Drug8_1000nM,rep1,FOV4,1,7,7666,4634,0.0,10.0
Drug8_1000nM,rep1,FOV4,1,8,8409,2965,2.0,0.0
Drug8_1000nM,rep1,FOV4,1,9,7476,2758,0.0,2.0
Drug8_1000nM,rep1,FOV4,2,1,8324,2883,0.0,15.0
Drug8_1000nM,rep1,FOV4,2,2,7244,3120,0.0,0.0
Drug8_1000nM,rep1,FOV4,2,3,7320,2582,0.0,0.0
Drug8_1000nM,rep1,FOV4,2,4,7267,2941,0.0,11.0
Drug8_1000nM,rep1,FOV4,2,5,7534,5289,2.0,0.0
Drug8_1000nM,rep1,FOV4,2,6,8332,3747,0.0,8.0
Drug8_1000nM,rep1,FOV4,2,7,7670,2980,0.0,10.0
Drug8_1000nM,rep1,FOV4,2,8,8400,3563,2.0,0.0
Drug8_1000nM,rep1,FOV4,2,9,7424,2754,0.0,1.0
Drug8_1000nM,rep1,FOV4,3,1,8305,2792,0.0,12.0
Drug8_1000nM,rep1,FOV4,3,2,7070,2765,0.0,0.0
Drug8_1000nM,rep1,FOV4,3,3,7230,2573,0.0,0.0
Drug8_1000nM,rep1,FOV4,3,4,7333,3005,0.0,5.0
Drug8_1000nM,rep1,FOV4,3,5,7561,5674,2.0,0.0
Drug8_1000nM,rep1,FOV4,3,6,8429,4367,2.0,0.0
Drug8_1000nM,rep1,FOV4,3,7,7697,2978,0.0,17.0
Drug8_1000nM,rep1,FOV4,3,8,8423,3276,2.0,0.0
Drug8_1000nM,rep1,FOV4,3,9,7516,2715,0.0,1.0
Drug8_1000nM,rep1,FOV4,4,1,8363,2797,0.0,12.0
Drug8_1000nM,rep1,FOV4,4,2,6733,2637,0.0,0.0
Drug8_1000nM,rep1,FOV4,4,3,7498,2599,0.0,0.0
Drug8_1000nM,rep1,FOV4,4,4,7314,2890,0.0,13.0
Drug8_1000nM,rep1,FOV4,4,5,7533,3730,2.0,0.0
Drug8_1000nM,rep1,FOV4,4,6,8407,3988,2.0,0.0
Drug8_1000nM,rep1,FOV4,4,7,7677,2962,0.0,11.0
Drug8_1000nM,rep1,FOV4,4,8,8393,3099,2.0,0.0
Drug8_1000nM,rep1,FOV4,4,9,7477,2737,0.0,0.0
Drug8_1000nM,rep1,FOV4,5,1,8395,2756,0.0,14.0
Drug8_1000nM,rep1,FOV4,5,2,7530,2567,0.0,0.0
Drug8_1000nM,rep1,FOV4,5,3,7348,3381,2.0,0.0
Drug8_1000nM,rep1,FOV4,5,4,7503,3152,1.0,1.0
Drug8_1000nM,rep1,FOV4,5,5,8428,6676,2.0,0.0
Drug8_1000nM,rep1,FOV4,5,6,8389,2923,1.0,1.0
Drug8_1000nM,rep1,FOV4,5,7,7596,3173,0.0,9.0
Drug8_1000nM,rep1,FOV4,5,8,7371,2735,0.0,0.0
Drug8_1000nM,rep1,FOV4,6,1,8252,2792,0.0,9.0
Drug8_1000nM,rep1,FOV4,6,2,7463,2535,0.0,0.0
Drug8_1000nM,rep1,FOV4,6,3,7306,3360,2.0,0.0
Drug8_1000nM,rep1,FOV4,6,4,7421,7218,1.0,1.0
Drug8_1000nM,rep1,FOV4,6,5,8448,2903,2.0,0.0
Drug8_1000nM,rep1,FOV4,6,6,7575,2962,0.0,5.0
Drug8_1000nM,rep1,FOV4,6,7,8380,3014,0.0,4.0
Drug8_1000nM,rep1,FOV4,6,8,7450,2690,0.0,1.0
Drug8_1000nM,rep1,FOV4,7,1,8236,2760,0.0,4.0
Drug8_1000nM,rep1,FOV4,7,2,7631,2546,0.0,3.0
Drug8_1000nM,rep1,FOV4,7,3,7324,3229,1.0,1.0
Drug8_1000nM,rep1,FOV4,7,4,7445,7507,0.0,5.0
Drug8_1000nM,rep1,FOV4,7,5,8493,2894,2.0,0.0
Drug8_1000nM,rep1,FOV4,7,6,8357,3044,0.0,11.0
Drug8_1000nM,rep1,FOV4,7,7,7565,2834,0.0,17.0
Drug8_1000nM,rep1,FOV4,8,1,8293,2777,0.0,11.0
Drug8_1000nM,rep1,FOV4,8,2,7706,2633,0.0,11.0
Drug8_1000nM,rep1,FOV4,8,3,7291,3039,1.0,2.0
Drug8_1000nM,rep1,FOV4,8,4,7468,7299,0.0,16.0
Drug8_1000nM,rep1,FOV4,8,5,8438,2843,2.0,0.0
Drug8_1000nM,rep1,FOV4,8,6,8336,2991,0.0,19.0
Drug8_1000nM,rep1,FOV4,8,7,7594,4636,1.0,0.0
Drug8_1000nM,rep1,FOV4,9,1,8320,2865,0.0,10.0
Drug8_1000nM,rep1,FOV4,9,2,7651,2613,0.0,15.0
Drug8_1000nM,rep1,FOV4,9,3,7272,2987,1.0,4.0
Drug8_1000nM,rep1,FOV4,9,4,7406,7461,0.0,5.0
Drug8_1000nM,rep1,FOV4,9,5,8445,2773,2.0,0.0
Drug8_1000nM,rep1,FOV4,9,6,8305,2986,0.0,15.0
Drug8_1000nM,rep1,FOV4,9,7,7649,4346,2.0,0.0
Drug8_1000nM,rep1,FOV4,10,1,8333,2900,1.0,0.0
Drug8_1000nM,rep1,FOV4,10,2,7664,2592,0.0,14.0
Drug8_1000nM,rep1,FOV4,10,3,7195,2908,0.0,16.0
Drug8_1000nM,rep1,FOV4,10,4,7291,7443,0.0,1.0
Drug8_1000nM,rep1,FOV4,10,5,8478,2774,2.0,0.0
Drug8_1000nM,rep1,FOV4,10,6,8371,3088,0.0,6.0
Drug8_1000nM,rep1,FOV4,10,7,7612,4647,2.0,0.0
Drug8_1000nM,rep1,FOV4,11,1,8374,2963,1.0,0.0
Drug8_1000nM,rep1,FOV4,11,2,7658,2601,0.0,11.0
Drug8_1000nM,rep1,FOV4,11,3,7236,2878,0.0,9.0
Drug8_1000nM,rep1,FOV4,11,4,7184,6719,0.0,0.0
Drug8_1000nM,rep1,FOV4,11,5,8466,2780,2.0,0.0
Drug8_1000nM,rep1,FOV4,11,6,8400,3133,1.0,0.0
Drug8_1000nM,rep1,FOV4,11,7,7633,4076,1.0,0.0
Drug8_1000nM,rep1,FOV4,12,1,8399,3110,1.0,0.0
Drug8_1000nM,rep1,FOV4,12,2,7664,2593,0.0,7.0
Drug8_1000nM,rep1,FOV4,12,3,7154,2875,0.0,0.0
Drug8_1000nM,rep1,FOV4,12,4,6969,4983,0.0,0.0
Drug8_1000nM,rep1,FOV4,12,5,8447,2750,2.0,0.0
Drug8_1000nM,rep1,FOV4,12,6,8393,3304,2.0,0.0
Drug8_1000nM,rep1,FOV4,12,7,7671,4486,2.0,0.0
Drug8_1000nM,rep1,FOV4,13,1,8392,2863,0.0,6.0
Drug8_1000nM,rep1,FOV4,13,2,7680,2587,0.0,8.0
Drug8_1000nM,rep1,FOV4,13,3,7077,2884,0.0,0.0
Drug8_1000nM,rep1,FOV4,13,4,7099,2767,0.0,0.0
Drug8_1000nM,rep1,FOV4,13,5,8433,4970,2.0,0.0
Drug8_1000nM,rep1,FOV4,13,6,8440,4588,2.0,0.0
Drug8_1000nM,rep1,FOV4,13,7,7615,2923,0.0,8.0
Drug8_1000nM,rep1,FOV4,14,1,8331,2808,0.0,14.0
Drug8_1000nM,rep1,FOV4,14,2,7013,4991,0.0,0.0
Drug8_1000nM,rep1,FOV4,14,3,8437,2752,2.0,0.0
Drug8_1000nM,rep1,FOV4,14,4,8449,4073,2.0,0.0
Drug8_1000nM,rep1,FOV4,14,5,7583,2797,0.0,14.0
Drug8_1000nM,rep1,FOV4,15,1,8308,2748,0.0,17.0
Drug8_1000nM,rep1,FOV4,15,2,8482,6743,2.0,0.0
Drug8_1000nM,rep1,FOV4,15,3,7137,2738,0.0,0.0
Drug8_1000nM,rep1,FOV4,15,4,8474,4034,2.0,0.0
Drug8_1000nM,rep1,FOV4,15,5,7641,2798,0.0,12.0
Drug8_1000nM,rep1,FOV4,16,1,8319,2781,0.0,6.0
Drug8_1000nM,rep1,FOV4,16,2,7118,6448,0.0,0.0
Drug8_1000nM,rep1,FOV4,16,3,8435,2709,2.0,0.0
Drug8_1000nM,rep1,FOV4,16,4,8471,3439,1.0,1.0
Drug8_1000nM,rep1,FOV4,16,5,7587,2771,0.0,8.0
Drug8_1000nM,rep1,FOV4,17,1,8335,2753,0.0,2.0
Drug8_1000nM,rep1,FOV4,17,2,7177,2704,0.0,0.0
Drug8_1000nM,rep1,FOV4,17,3,8510,6129,2.0,0.0
Drug8_1000nM,rep1,FOV4,17,4,8434,3108,0.0,14.0
Drug8_1000nM,rep1,FOV4,17,5,7699,2922,0.0,14.0
Drug8_1000nM,rep1,FOV4,18,1,8341,2706,0.0,0.0
Drug8_1000nM,rep1,FOV4,18,2,7036,6457,0.0,0.0
Drug8_1000nM,rep1,FOV4,18,3,8512,2705,2.0,0.0
Drug8_1000nM,rep1,FOV4,18,4,8367,3056,0.0,12.0
Drug8_1000nM,rep1,FOV4,19,1,8336,2719,0.0,1.0
Drug8_1000nM,rep1,FOV4,19,2,7071,6408,0.0,0.0
Drug8_1000nM,rep1,FOV4,19,3,8575,2706,1.0,0.0
Drug8_1000nM,rep1,FOV4,19,4,8397,3050,0.0,9.0
Drug8_1000nM,rep1,FOV4,20,1,8395,2673,0.0,1.0
Drug8_1000nM,rep1,FOV4,20,2,7446,2730,0.0,0.0
Drug8_1000nM,rep1,FOV4,20,3,8491,4758,1.0,2.0
Drug8_1000nM,rep1,FOV4,20,4,8427,3039,0.0,11.0
Drug8_1000nM,rep1,FOV5,0,1,7618,2949,0.0,11.0
Drug8_1000nM,rep1,FOV5,0,2,7634,2767,0.0,0.0
Drug8_1000nM,rep1,FOV5,0,3,7631,2454,0.0,11.0
Drug8_1000nM,rep1,FOV5,0,4,7441,2877,0.0,4.0
Drug8_1000nM,rep1,FOV5,0,5,7674,2752,0.0,3.0
Drug8_1000nM,rep1,FOV5,0,6,8053,4000,2.0,0.0
Drug8_1000nM,rep1,FOV5,0,7,8483,4999,2.0,0.0
Drug8_1000nM,rep1,FOV5,0,8,8629,2788,0.0,12.0
Drug8_1000nM,rep1,FOV5,0,9,6875,2903,0.0,7.0
Drug8_1000nM,rep1,FOV5,0,10,8158,2610,0.0,1.0
Drug8_1000nM,rep1,FOV5,0,11,8130,2815,0.0,10.0
Drug8_1000nM,rep1,FOV5,1,1,7631,3498,1.0,1.0
Drug8_1000nM,rep1,FOV5,1,2,6871,2532,0.0,0.0
Drug8_1000nM,rep1,FOV5,1,3,7558,2849,1.0,0.0
Drug8_1000nM,rep1,FOV5,1,4,7370,2806,0.0,2.0
Drug8_1000nM,rep1,FOV5,1,5,7714,2746,0.0,5.0
Drug8_1000nM,rep1,FOV5,1,6,8053,5782,2.0,0.0
Drug8_1000nM,rep1,FOV5,1,7,8454,3624,2.0,0.0
Drug8_1000nM,rep1,FOV5,1,8,8664,2942,0.0,8.0
Drug8_1000nM,rep1,FOV5,1,9,6947,2937,0.0,11.0
Drug8_1000nM,rep1,FOV5,1,10,8095,2596,0.0,1.0
Drug8_1000nM,rep1,FOV5,1,11,8114,2787,0.0,7.0
Drug8_1000nM,rep1,FOV5,2,1,7637,3733,1.0,0.0
Drug8_1000nM,rep1,FOV5,2,2,7071,2447,0.0,0.0
Drug8_1000nM,rep1,FOV5,2,3,7625,3300,2.0,0.0
Drug8_1000nM,rep1,FOV5,2,4,7438,2782,0.0,0.0
Drug8_1000nM,rep1,FOV5,2,5,7738,2718,0.0,12.0
Drug8_1000nM,rep1,FOV5,2,6,8067,6215,2.0,0.0
Drug8_1000nM,rep1,FOV5,2,7,8402,3082,2.0,0.0
Drug8_1000nM,rep1,FOV5,2,8,8668,2941,1.0,0.0
Drug8_1000nM,rep1,FOV5,2,9,6936,2897,0.0,13.0
Drug8_1000nM,rep1,FOV5,2,10,8053,2601,0.0,0.0
Drug8_1000nM,rep1,FOV5,2,11,8099,2761,0.0,11.0
Drug8_1000nM,rep1,FOV5,3,1,7621,3223,1.0,2.0
Drug8_1000nM,rep1,FOV5,3,2,7594,4870,2.0,0.0
Drug8_1000nM,rep1,FOV5,3,3,3538,2591,0.0,0.0
Drug8_1000nM,rep1,FOV5,3,4,7331,2809,0.0,2.0
Drug8_1000nM,rep1,FOV5,3,5,7741,2758,0.0,14.0
Drug8_1000nM,rep1,FOV5,3,6,8044,6354,2.0,0.0
Drug8_1000nM,rep1,FOV5,3,7,8329,3019,0.0,6.0
Drug8_1000nM,rep1,FOV5,3,8,8664,3165,1.0,3.0
Drug8_1000nM,rep1,FOV5,3,9,6859,2935,0.0,13.0
Drug8_1000nM,rep1,FOV5,3,10,8191,2626,0.0,0.0
Drug8_1000nM,rep1,FOV5,3,11,8108,2773,0.0,12.0
Drug8_1000nM,rep1,FOV5,4,1,7637,3188,0.0,8.0
Drug8_1000nM,rep1,FOV5,4,2,7619,4863,2.0,0.0
Drug8_1000nM,rep1,FOV5,4,3,4383,2691,0.0,0.0
Drug8_1000nM,rep1,FOV5,4,4,7422,2832,0.0,0.0
Drug8_1000nM,rep1,FOV5,4,5,7795,2783,0.0,11.0
Drug8_1000nM,rep1,FOV5,4,6,8066,4901,2.0,0.0
Drug8_1000nM,rep1,FOV5,4,7,8384,3013,0.0,13.0
Drug8_1000nM,rep1,FOV5,4,8,8689,3865,1.0,4.0
Drug8_1000nM,rep1,FOV5,4,9,7048,3005,0.0,8.0
Drug8_1000nM,rep1,FOV5,4,10,8194,2610,0.0,1.0
Drug8_1000nM,rep1,FOV5,4,11,4791,2758,0.0,0.0
Drug8_1000nM,rep1,FOV5,5,1,7604,3008,0.0,8.0
Drug8_1000nM,rep1,FOV5,5,2,7602,4848,2.0,0.0
Drug8_1000nM,rep1,FOV5,5,3,7283,2908,0.0,0.0
Drug8_1000nM,rep1,FOV5,5,4,8055,3233,2.0,0.0
Drug8_1000nM,rep1,FOV5,5,5,8251,2925,0.0,2.0
Drug8_1000nM,rep1,FOV5,5,6,8721,4113,1.0,0.0
Drug8_1000nM,rep1,FOV5,5,7,6932,3397,1.0,1.0
Drug8_1000nM,rep1,FOV5,5,8,8174,2616,0.0,4.0
Drug8_1000nM,rep1,FOV5,6,1,7528,3078,0.0,8.0
Drug8_1000nM,rep1,FOV5,6,2,7564,5153,2.0,0.0
Drug8_1000nM,rep1,FOV5,6,3,7304,2878,0.0,0.0
Drug8_1000nM,rep1,FOV5,6,4,8010,3131,2.0,0.0
Drug8_1000nM,rep1,FOV5,6,5,8140,2986,0.0,0.0
Drug8_1000nM,rep1,FOV5,6,6,8691,5794,2.0,0.0
Drug8_1000nM,rep1,FOV5,6,7,6971,5130,2.0,0.0
Drug8_1000nM,rep1,FOV5,6,8,8134,2645,0.0,7.0
Drug8_1000nM,rep1,FOV5,7,1,7529,3182,0.0,10.0
Drug8_1000nM,rep1,FOV5,7,2,7614,6888,2.0,0.0
Drug8_1000nM,rep1,FOV5,7,3,7206,2878,0.0,1.0
Drug8_1000nM,rep1,FOV5,7,4,8007,3271,2.0,0.0
Drug8_1000nM,rep1,FOV5,7,5,7965,2944,0.0,0.0
Drug8_1000nM,rep1,FOV5,7,6,8672,6312,2.0,0.0
Drug8_1000nM,rep1,FOV5,7,7,6977,4584,2.0,0.0
Drug8_1000nM,rep1,FOV5,7,8,8195,2649,0.0,10.0
Drug8_1000nM,rep1,FOV5,8,1,7574,3098,1.0,0.0
Drug8_1000nM,rep1,FOV5,8,2,7675,6959,2.0,0.0
Drug8_1000nM,rep1,FOV5,8,3,7271,2882,0.0,0.0
Drug8_1000nM,rep1,FOV5,8,4,8017,3535,2.0,0.0
Drug8_1000nM,rep1,FOV5,8,5,7828,2953,0.0,0.0
Drug8_1000nM,rep1,FOV5,8,6,8731,7062,2.0,0.0
Drug8_1000nM,rep1,FOV5,8,7,6991,4488,2.0,0.0
Drug8_1000nM,rep1,FOV5,8,8,8153,2651,0.0,6.0
Drug8_1000nM,rep1,FOV5,9,1,7566,2996,0.0,6.0
Drug8_1000nM,rep1,FOV5,9,2,7731,7023,2.0,0.0
Drug8_1000nM,rep1,FOV5,9,3,7267,2925,0.0,2.0
Drug8_1000nM,rep1,FOV5,9,4,8071,4693,2.0,0.0
Drug8_1000nM,rep1,FOV5,9,5,7642,3014,0.0,0.0
Drug8_1000nM,rep1,FOV5,9,6,8667,4708,2.0,0.0
Drug8_1000nM,rep1,FOV5,9,7,6992,3846,2.0,0.0
Drug8_1000nM,rep1,FOV5,9,8,8166,2692,0.0,7.0
Drug8_1000nM,rep1,FOV5,10,1,7573,2932,0.0,8.0
Drug8_1000nM,rep1,FOV5,10,2,7781,6938,2.0,0.0
Drug8_1000nM,rep1,FOV5,10,3,7335,2903,0.0,4.0
Drug8_1000nM,rep1,FOV5,10,4,8076,4128,2.0,0.0
Drug8_1000nM,rep1,FOV5,10,5,8106,2946,0.0,0.0
Drug8_1000nM,rep1,FOV5,10,6,8677,4236,1.0,0.0
Drug8_1000nM,rep1,FOV5,10,7,6949,3200,1.0,0.0
Drug8_1000nM,rep1,FOV5,10,8,8041,2652,0.0,2.0
Drug8_1000nM,rep1,FOV5,11,1,7624,3144,2.0,0.0
Drug8_1000nM,rep1,FOV5,11,2,7739,6925,2.0,0.0
Drug8_1000nM,rep1,FOV5,11,3,7398,2962,0.0,12.0
Drug8_1000nM,rep1,FOV5,11,4,8051,5564,2.0,0.0
Drug8_1000nM,rep1,FOV5,11,5,8216,2981,0.0,5.0
Drug8_1000nM,rep1,FOV5,11,6,8695,3153,2.0,0.0
Drug8_1000nM,rep1,FOV5,11,7,6931,3008,0.0,9.0
Drug8_1000nM,rep1,FOV5,11,8,8109,2676,0.0,1.0
Drug8_1000nM,rep1,FOV5,12,1,7679,5709,2.0,0.0
Drug8_1000nM,rep1,FOV5,12,2,7749,6822,2.0,0.0
Drug8_1000nM,rep1,FOV5,12,3,7341,2912,0.0,8.0
Drug8_1000nM,rep1,FOV5,12,4,8058,3989,2.0,0.0
Drug8_1000nM,rep1,FOV5,12,5,8335,2956,0.0,16.0
Drug8_1000nM,rep1,FOV5,12,6,8651,2945,0.0,5.0
Drug8_1000nM,rep1,FOV5,12,7,6978,2967,0.0,9.0
Drug8_1000nM,rep1,FOV5,13,1,7656,6823,2.0,0.0
Drug8_1000nM,rep1,FOV5,13,2,7723,6900,2.0,0.0
Drug8_1000nM,rep1,FOV5,13,3,7324,2880,0.0,15.0
Drug8_1000nM,rep1,FOV5,13,4,8018,3186,2.0,0.0
Drug8_1000nM,rep1,FOV5,13,5,8335,3012,0.0,16.0
Drug8_1000nM,rep1,FOV5,13,6,8595,2974,0.0,16.0
Drug8_1000nM,rep1,FOV5,13,7,6973,3068,1.0,1.0
Drug8_1000nM,rep1,FOV5,14,1,7694,5877,2.0,0.0
Drug8_1000nM,rep1,FOV5,14,2,7687,7015,2.0,0.0
Drug8_1000nM,rep1,FOV5,14,3,7391,2880,0.0,8.0
Drug8_1000nM,rep1,FOV5,14,4,7986,3367,1.0,0.0
Drug8_1000nM,rep1,FOV5,14,5,8313,2981,0.0,21.0
Drug8_1000nM,rep1,FOV5,14,6,8626,2934,0.0,17.0
Drug8_1000nM,rep1,FOV5,14,7,6983,3234,1.0,0.0
Drug8_1000nM,rep1,FOV5,15,1,7654,5794,2.0,0.0
Drug8_1000nM,rep1,FOV5,15,2,7672,6974,2.0,0.0
Drug8_1000nM,rep1,FOV5,15,3,7301,2854,0.0,4.0
Drug8_1000nM,rep1,FOV5,15,4,7933,3123,0.0,11.0
Drug8_1000nM,rep1,FOV5,15,5,8358,3012,0.0,13.0
Drug8_1000nM,rep1,FOV5,15,6,8623,2922,0.0,14.0
Drug8_1000nM,rep1,FOV5,15,7,6959,3678,2.0,0.0
Drug8_1000nM,rep1,FOV5,16,1,7677,5853,2.0,0.0
Drug8_1000nM,rep1,FOV5,16,2,7685,6291,2.0,0.0
Drug8_1000nM,rep1,FOV5,16,3,7416,2851,0.0,4.0
Drug8_1000nM,rep1,FOV5,16,4,7962,3110,0.0,14.0
Drug8_1000nM,rep1,FOV5,16,5,8357,2931,0.0,16.0
Drug8_1000nM,rep1,FOV5,16,6,8615,2807,0.0,13.0
Drug8_1000nM,rep1,FOV5,16,7,7000,4237,2.0,0.0
Drug8_1000nM,rep1,FOV5,17,1,7587,5927,2.0,0.0
Drug8_1000nM,rep1,FOV5,17,2,7378,2857,0.0,3.0
Drug8_1000nM,rep1,FOV5,17,3,7855,2991,0.0,7.0
Drug8_1000nM,rep1,FOV5,17,4,8368,2966,0.0,9.0
Drug8_1000nM,rep1,FOV5,17,5,8690,3091,1.0,2.0
Drug8_1000nM,rep1,FOV5,17,6,7024,4864,2.0,0.0
Drug8_1000nM,rep1,FOV5,18,1,7622,3762,2.0,0.0
Drug8_1000nM,rep1,FOV5,18,2,8394,2930,0.0,8.0
Drug8_1000nM,rep1,FOV5,18,3,8729,3111,2.0,0.0
Drug8_1000nM,rep1,FOV5,18,4,7051,5596,2.0,0.0
Drug8_1000nM,rep1,FOV5,19,1,7767,5539,2.0,0.0
Drug8_1000nM,rep1,FOV5,19,2,8575,4944,1.0,1.0
Drug8_1000nM,rep1,FOV6,0,1,7627,2866,0.0,2.0
Drug8_1000nM,rep1,FOV6,0,2,7486,2879,0.0,13.0
Drug8_1000nM,rep1,FOV6,0,3,8309,2934,0.0,17.0
Drug8_1000nM,rep1,FOV6,0,4,7651,3628,0.0,14.0
Drug8_1000nM,rep1,FOV6,0,5,8302,2905,0.0,1.0
Drug8_1000nM,rep1,FOV6,0,6,6768,2767,2.0,0.0
Drug8_1000nM,rep1,FOV6,0,7,8139,2836,0.0,6.0
Drug8_1000nM,rep1,FOV6,0,8,3786,2722,0.0,0.0
Drug8_1000nM,rep1,FOV6,0,9,7871,2750,0.0,15.0
Drug8_1000nM,rep1,FOV6,0,10,7250,2748,0.0,0.0
Drug8_1000nM,rep1,FOV6,1,1,7608,2760,0.0,0.0
Drug8_1000nM,rep1,FOV6,1,2,7469,2935,0.0,17.0
Drug8_1000nM,rep1,FOV6,1,3,8353,3037,0.0,8.0
Drug8_1000nM,rep1,FOV6,1,4,7659,3421,0.0,13.0
Drug8_1000nM,rep1,FOV6,1,5,8234,3016,0.0,0.0
Drug8_1000nM,rep1,FOV6,1,6,6785,2704,0.0,7.0
Drug8_1000nM,rep1,FOV6,1,7,8073,2807,0.0,5.0
Drug8_1000nM,rep1,FOV6,1,8,3620,2695,0.0,0.0
Drug8_1000nM,rep1,FOV6,1,9,7932,2798,0.0,16.0
Drug8_1000nM,rep1,FOV6,1,10,7251,2828,0.0,0.0
Drug8_1000nM,rep1,FOV6,2,1,7568,2804,0.0,0.0
Drug8_1000nM,rep1,FOV6,2,2,7510,2841,0.0,8.0
Drug8_1000nM,rep1,FOV6,2,3,8300,3043,0.0,8.0
Drug8_1000nM,rep1,FOV6,2,4,7719,3278,0.0,13.0
Drug8_1000nM,rep1,FOV6,2,5,8310,3076,0.0,4.0
Drug8_1000nM,rep1,FOV6,2,6,6778,2757,0.0,11.0
Drug8_1000nM,rep1,FOV6,2,7,8136,2846,0.0,4.0
Drug8_1000nM,rep1,FOV6,2,8,3956,2692,0.0,0.0
Drug8_1000nM,rep1,FOV6,2,9,7987,2734,0.0,14.0
Drug8_1000nM,rep1,FOV6,2,10,7407,2778,0.0,0.0
Drug8_1000nM,rep1,FOV6,3,1,7613,2788,0.0,1.0
Drug8_1000nM,rep1,FOV6,3,2,7504,2943,0.0,11.0
Drug8_1000nM,rep1,FOV6,3,3,8325,3012,0.0,15.0
Drug8_1000nM,rep1,FOV6,3,4,7669,3289,0.0,16.0
Drug8_1000nM,rep1,FOV6,3,5,8315,3232,0.0,7.0
Drug8_1000nM,rep1,FOV6,3,6,6702,2835,0.0,12.0
Drug8_1000nM,rep1,FOV6,3,7,8062,2843,0.0,1.0
Drug8_1000nM,rep1,FOV6,3,8,3194,2561,0.0,0.0
Drug8_1000nM,rep1,FOV6,3,9,7953,3028,0.0,7.0
Drug8_1000nM,rep1,FOV6,3,10,7344,2769,0.0,0.0
Drug8_1000nM,rep1,FOV6,4,1,7714,2855,0.0,18.0
Drug8_1000nM,rep1,FOV6,4,2,7511,2880,0.0,12.0
Drug8_1000nM,rep1,FOV6,4,3,8284,2911,0.0,14.0
Drug8_1000nM,rep1,FOV6,4,4,7683,3150,0.0,16.0
Drug8_1000nM,rep1,FOV6,4,5,8315,3050,0.0,9.0
Drug8_1000nM,rep1,FOV6,4,6,6727,2841,0.0,13.0
Drug8_1000nM,rep1,FOV6,4,7,8173,2797,0.0,1.0
Drug8_1000nM,rep1,FOV6,4,8,3370,2632,0.0,0.0
Drug8_1000nM,rep1,FOV6,4,9,7939,4312,1.0,0.0
Drug8_1000nM,rep1,FOV6,4,10,7462,2815,0.0,0.0
Drug8_1000nM,rep1,FOV6,5,1,7446,2826,0.0,9.0
Drug8_1000nM,rep1,FOV6,5,2,8233,2916,0.0,7.0
Drug8_1000nM,rep1,FOV6,5,3,7588,3111,0.0,7.0
Drug8_1000nM,rep1,FOV6,5,4,8309,2833,0.0,11.0
Drug8_1000nM,rep1,FOV6,5,5,6714,2829,0.0,9.0
Drug8_1000nM,rep1,FOV6,5,6,8110,2791,0.0,1.0
Drug8_1000nM,rep1,FOV6,5,7,8047,6684,2.0,0.0
Drug8_1000nM,rep1,FOV6,5,8,7342,2814,0.0,0.0
Drug8_1000nM,rep1,FOV6,6,1,7359,2756,0.0,2.0
Drug8_1000nM,rep1,FOV6,6,2,8183,2865,0.0,1.0
Drug8_1000nM,rep1,FOV6,6,3,7587,3044,0.0,13.0
Drug8_1000nM,rep1,FOV6,6,4,8419,2792,0.0,14.0
Drug8_1000nM,rep1,FOV6,6,5,6611,2923,0.0,4.0
Drug8_1000nM,rep1,FOV6,6,6,8140,2825,0.0,2.0
Drug8_1000nM,rep1,FOV6,6,7,8028,6998,2.0,0.0
Drug8_1000nM,rep1,FOV6,6,8,7405,2796,0.0,0.0
Drug8_1000nM,rep1,FOV6,7,1,7454,2809,0.0,1.0
Drug8_1000nM,rep1,FOV6,7,2,8208,2854,0.0,0.0
Drug8_1000nM,rep1,FOV6,7,3,7639,3009,0.0,19.0
Drug8_1000nM,rep1,FOV6,7,4,8353,2873,0.0,15.0
Drug8_1000nM,rep1,FOV6,7,5,6657,2955,0.0,2.0
Drug8_1000nM,rep1,FOV6,7,6,8086,2792,0.0,3.0
Drug8_1000nM,rep1,FOV6,7,7,8085,6932,2.0,0.0
Drug8_1000nM,rep1,FOV6,7,8,7461,2787,0.0,0.0
Drug8_1000nM,rep1,FOV6,8,1,7323,2802,0.0,2.0
Drug8_1000nM,rep1,FOV6,8,2,8224,2835,0.0,0.0
Drug8_1000nM,rep1,FOV6,8,3,7664,2965,0.0,13.0
Drug8_1000nM,rep1,FOV6,8,4,8360,2985,0.0,12.0
Drug8_1000nM,rep1,FOV6,8,5,6518,2812,0.0,0.0
Drug8_1000nM,rep1,FOV6,8,6,8108,2810,0.0,1.0
Drug8_1000nM,rep1,FOV6,8,7,8078,6920,2.0,0.0
Drug8_1000nM,rep1,FOV6,8,8,7505,2770,0.0,0.0
Drug8_1000nM,rep1,FOV6,9,1,8206,2827,0.0,0.0
Drug8_1000nM,rep1,FOV6,9,2,7716,2945,0.0,13.0
Drug8_1000nM,rep1,FOV6,9,3,8456,2836,0.0,10.0
Drug8_1000nM,rep1,FOV6,9,4,6557,2872,0.0,0.0
Drug8_1000nM,rep1,FOV6,9,5,8188,6983,2.0,0.0
Drug8_1000nM,rep1,FOV6,9,6,7364,2766,0.0,0.0
Drug8_1000nM,rep1,FOV6,10,1,8105,2909,0.0,0.0
Drug8_1000nM,rep1,FOV6,10,2,7718,3042,0.0,20.0
Drug8_1000nM,rep1,FOV6,10,3,6344,2990,0.0,0.0
Drug8_1000nM,rep1,FOV6,10,4,8074,6916,2.0,0.0
Drug8_1000nM,rep1,FOV6,10,5,7374,2831,0.0,0.0
Drug8_1000nM,rep1,FOV6,11,1,8003,2850,0.0,0.0
Drug8_1000nM,rep1,FOV6,11,2,7730,2959,0.0,7.0
Drug8_1000nM,rep1,FOV6,11,3,6369,3006,0.0,0.0
Drug8_1000nM,rep1,FOV6,11,4,8095,6798,2.0,0.0
Drug8_1000nM,rep1,FOV6,11,5,7187,2799,0.0,0.0
Drug8_1000nM,rep1,FOV6,12,1,7904,2876,0.0,0.0
Drug8_1000nM,rep1,FOV6,12,2,7717,3001,0.0,9.0
Drug8_1000nM,rep1,FOV6,12,3,6688,2862,0.0,0.0
Drug8_1000nM,rep1,FOV6,12,4,8111,6839,2.0,0.0
Drug8_1000nM,rep1,FOV6,12,5,7690,2824,0.0,1.0
Drug8_1000nM,rep1,FOV6,13,1,7950,2894,0.0,0.0
Drug8_1000nM,rep1,FOV6,13,2,7715,3019,0.0,9.0
Drug8_1000nM,rep1,FOV6,13,3,6631,2867,0.0,0.0
Drug8_1000nM,rep1,FOV6,13,4,8053,5317,2.0,0.0
Drug8_1000nM,rep1,FOV6,13,5,7634,2847,0.0,15.0
Drug8_1000nM,rep1,FOV6,14,1,8140,2896,0.0,1.0
Drug8_1000nM,rep1,FOV6,14,2,7709,3093,0.0,13.0
Drug8_1000nM,rep1,FOV6,14,3,8006,4235,1.0,3.0
Drug8_1000nM,rep1,FOV6,14,4,7532,2972,0.0,17.0
Drug8_1000nM,rep1,FOV6,15,1,8297,2865,0.0,12.0
Drug8_1000nM,rep1,FOV6,15,2,7788,4639,1.0,0.0
Drug8_1000nM,rep1,FOV6,15,3,8082,3188,0.0,6.0
Drug8_1000nM,rep1,FOV6,15,4,7643,2976,0.0,11.0
Drug8_1000nM,rep1,FOV6,16,1,8265,2884,0.0,16.0
Drug8_1000nM,rep1,FOV6,16,2,7761,6229,2.0,0.0
Drug8_1000nM,rep1,FOV6,16,3,7995,2964,0.0,12.0
Drug8_1000nM,rep1,FOV6,16,4,7626,2951,0.0,15.0
Drug8_1000nM,rep1,FOV6,17,1,8349,2874,0.0,7.0
Drug8_1000nM,rep1,FOV6,17,2,7772,5087,2.0,0.0
Drug8_1000nM,rep1,FOV6,17,3,8000,2997,0.0,11.0
Drug8_1000nM,rep1,FOV6,17,4,7570,2900,0.0,13.0
Drug8_1000nM,rep1,FOV6,18,1,8325,3388,2.0,0.0
Drug8_1000nM,rep1,FOV6,18,2,7720,4764,2.0,0.0
Drug8_1000nM,rep1,FOV6,18,3,7992,3106,0.0,4.0
Drug8_1000nM,rep1,FOV6,18,4,7469,2839,0.0,10.0
Drug8_1000nM,rep1,FOV6,19,1,8358,3557,2.0,0.0
Drug8_1000nM,rep1,FOV6,19,2,7724,4242,2.0,0.0
Drug8_1000nM,rep1,FOV6,19,3,7950,2944,1.0,0.0
Drug8_1000nM,rep1,FOV6,19,4,7589,2999,0.0,10.0
Drug8_1000nM,rep1,FOV6,20,1,8384,3919,2.0,0.0
Drug8_1000nM,rep1,FOV6,20,2,7748,3247,1.0,2.0
Drug8_1000nM,rep1,FOV6,20,3,7899,2781,0.0,13.0
Drug8_1000nM,rep1,FOV6,20,4,7611,3479,1.0,3.0
